{"like": 0, "you know": 0, "just": 1, "really": 1, "right": 6, "speed": 2.0776914539400666, "volume": 0.009551700175925534}